27675a63bfb04c7282539898ba2aaea7,A 5533 Project by Nancy Atakan and Volkan Aslan,https://www.artsy.net/artist/a-5533-project-by-nancy-atakan-and-volkan-aslan
a1535eca7bc4406f9d2000fa70feac69,A A,https://www.artsy.net/artist/a-a
f400241c9613461ebb95d0adb7843087,W A A Cox ARIBA,https://www.artsy.net/artist/w-a-a-cox-ariba
abac5bff1733472c8ff9ffff009bfa26,María A A,https://www.artsy.net/artist/maria-a-a
792605129f1d4e2bb033a5fcfe293d6b,A. A. Raiba,https://www.artsy.net/artist/a-a-raiba
6ac868de7d0445c794028e0ac7ceca98,Secrétaire à abbatant,https://www.artsy.net/artist/secretaire-a-abbatant
4f57cd5e910347b1ad016c47678a0b8b,Adegoke A.,https://www.artsy.net/artist/adegoke-a
b7cbc38bcbc54f2b817fa9a095d8a908,Edmone A. Ades,https://www.artsy.net/artist/edmone-a-ades
9a7a7cdc889b44eebbc0a4dbe9db6142,A. A. Almelkar,https://www.artsy.net/artist/a-a-almelkar
446b26e0fe534a14a7e08823278ed774,A & A,https://www.artsy.net/artist/a-and-a
78c4484501d64433bac55a6c07b24898,Zachariah A. Anderson,https://www.artsy.net/artist/zachariah-a-anderson
b97c78de2f964d8fada1b5b5d37c34aa,Denise A. Aubertin,https://www.artsy.net/artist/denise-a-aubertin
583d90014a134f03a6f5d2fcada5c3a7,Axel A.,https://www.artsy.net/artist/axel-a
5586ef19b287412da5c294dd5c3e7e04,Ruth A B Clegg,https://www.artsy.net/artist/ruth-a-b-clegg
f3245aee42af42cc95a8c0c7953e7435,A. B. Frost,https://www.artsy.net/artist/a-b-frost
eb2661ec839d4e6ea15fa0d68ab13483,Juan A. Banos,https://www.artsy.net/artist/juan-a-banos
4359d59edac24410a8227cd99ece621d,A Bathing Ape,https://www.artsy.net/artist/a-bathing-ape
1f557f419fd14748965ff93d64ab6137,A Bearded Man,https://www.artsy.net/artist/a-bearded-man
ba7448adcd494c0bae5d61dd66cf6f58,Carlos A. Becerra,https://www.artsy.net/artist/carlos-a-becerra
e01643fb9a42417980693704c8aad589,A. Bergström,https://www.artsy.net/artist/a-bergstrom
f2c4bfb0df974a1dba66e1cf7adbe09b,Michael A. Bignell,https://www.artsy.net/artist/michael-a-bignell
9e32cf1893c74988b866951cd0a8e635,Robert A. Birmelin,https://www.artsy.net/artist/robert-a-birmelin
7c18df9bca31485fb90dfc9171162ece,Franz A Bischoff,https://www.artsy.net/artist/franz-a-bischoff
826808b3103440d887959de3d8747abc,Cherie A Bitanga,https://www.artsy.net/artist/cherie-a-bitanga
e6cab8b53e194f57a8c9c5d2e3af7ed4,Frank A. Blazquez,https://www.artsy.net/artist/frank-a-blazquez
546bdf7e29f743f0839b88ed12c8dc2b,Ernest A. Bryant III,https://www.artsy.net/artist/ernest-a-bryant-iii
e85ca905acf245d6a5a522c6cfaaba8c,阿部乳坊 ABE Nyubo,https://www.artsy.net/artist/a-bu-ru-fang-abe-nyubo-1
c78886a89d1d4378ad46c870635b4352,Ton A. C. Alberts,https://www.artsy.net/artist/ton-a-c-alberts
e19c2501782940f1a56ee46c85067a15,J. A. Calero,https://www.artsy.net/artist/j-a-calero
56ee1987828a4a318651bc1b1b071c8b,Juan A. Cano,https://www.artsy.net/artist/juan-a-cano
09600d50c36a44769638655ae67d21fc,Rebecca A. Carlton,https://www.artsy.net/artist/rebecca-a-carlton
0972ec8379bc4776902920dbea28445b,Karen A. Carson,https://www.artsy.net/artist/karen-a-carson
5f85d49fae4b4d629c9bc3b3f713158f,A Common Name (Paige Smith),https://www.artsy.net/artist/a-common-name-paige-smith
384a42ea5ab64a6097f71380fd3f9ed1,A Constructed World,https://www.artsy.net/artist/a-constructed-world
151a32a7b1184360b463987f4da2842d,A constructed world with Stephanie Lin,https://www.artsy.net/artist/a-constructed-world-with-stephanie-lin
9d9d2fd9a010475a87b06949d80df4eb,JOSUE A. CORNEJO,https://www.artsy.net/artist/josue-a-cornejo
35fe728a885744239c177c47d67623fa,Jeremy A. Cox,https://www.artsy.net/artist/jeremy-a-cox
b6ad6279ce40433397b9482b2e3f7855,Grace A. Crockett,https://www.artsy.net/artist/grace-a-crockett
cb17a4369d674923b1a4e842e55d9d04,Lea A Cupial,https://www.artsy.net/artist/lea-a-cupial
68164776e0d64d8ab0e7c44f3c4ae89a,Macintyre A D,https://www.artsy.net/artist/macintyre-a-d
c518d29c655c4d41b25f9e1c7c93d332,E. A. Dadi,https://www.artsy.net/artist/e-a-dadi
145025bb4090466582b2a0501171c294,Miguel A. Dominguez,https://www.artsy.net/artist/miguel-a-dominguez
dbe83db8c1d24b1890f98b6ba48eb11f,A.TA.VIK_art,https://www.artsy.net/artist/a-dot-ta-dot-vik-art
b980e36343904d228e9db1f73dc343d2,A.Ve.M.,https://www.artsy.net/artist/a-dot-ve-dot-m
3e8ba1fed5ba4361938f316d52ffd56f,A dou,https://www.artsy.net/artist/a-dou
8a4ccb8a67094de68cace733863ad5f7,Emmanuelle A.,https://www.artsy.net/artist/emmanuelle-a
b8562befaf664ebaa526907927e7fd5a,Vera A Fehér,https://www.artsy.net/artist/vera-a-feher
7d1c76c66bdf4c349a7d89a7ad0c6c45,Lisa A. Foster,https://www.artsy.net/artist/lisa-a-foster
f91d236793244743a8fa053febe7e1f9,Bruce A Gómez,https://www.artsy.net/artist/bruce-a-ga3mez
911c9063ffb3429dbc0a94148d3275f2,Miguel A. Garcia Pineda,https://www.artsy.net/artist/miguel-a-garcia-pineda
350a8defe8164440a2181fa394581d5f,A Ge,https://www.artsy.net/artist/a-ge
58af6040d3264e558e94b5e3e94746bf,A. Gilbert,https://www.artsy.net/artist/a-gilbert
575787f15db64407be7133734d39d0d4,Joseph A. Gomes,https://www.artsy.net/artist/joseph-a-gomes
28ca62ddbcee4eddaa506a662b48bb46,Tyler A Gordon,https://www.artsy.net/artist/tyler-a-gordon
66936a92f8044256917f0b5295ddede0,Paul A. Grimm,https://www.artsy.net/artist/paul-a-grimm-1
b86cbd0043cc4d289359549813d71f70,A. Grinevato,https://www.artsy.net/artist/a-grinevato
100415c48f1748dbaf1adbb16c9a82e5,Michael á Grømma,https://www.artsy.net/artist/michael-a-gromma
fd47be6fa0974d2aa1279537e8b3b2d7,Leslie A. Grossman,https://www.artsy.net/artist/leslie-a-grossman
9072f8d80a62442a80f57383b1ce2169,Marita A. Guardia,https://www.artsy.net/artist/marita-a-guardia
d30ba82a0c5747839dbd9ed8edc88c88,"""A""H.",https://www.artsy.net/artist/a-h
a8c2844e1bd44f468bdc88c049ec11d0,A. H. Davenport,https://www.artsy.net/artist/a-h-davenport
aee1f9c839ca4264a3f010646fd314da,A H McIntosh & Co. Ltd.,https://www.artsy.net/artist/a-h-mcintosh-and-co-ltd
5b16a9c631b5424ab0a2320adfbaa483,A Hai,https://www.artsy.net/artist/a-hai
5443d318cc784707aa276e6d58863ab6,William A. Hall,https://www.artsy.net/artist/william-a-hall
c2f4a14aa46443d4b0197aecc203cd77,Edwin A. Harlseton,https://www.artsy.net/artist/edwin-a-harlseton
27676dfa89e14a8a9f21080f27f35e2e,Karl A. Herrmann,https://www.artsy.net/artist/karl-a-herrmann
a4f5efe6524d4c0c9d215461a18b0a2b,Daniel A. Hofer,https://www.artsy.net/artist/daniel-a-hofer
be2ce8b39fe34533b973b6a54b7b5d10,Thomas A. Hollbach,https://www.artsy.net/artist/thomas-a-hollbach
1b1f98e48190426cabd7849a80dfd62e,Alexander A. Isachev,https://www.artsy.net/artist/alexander-a-isachev
6162fbd57c3d49fb99c88262566fa75e,Christopher A. Jackson,https://www.artsy.net/artist/christopher-a-jackson
63124144c9774587bbb2bd7bb3134e7d,Youngsheen A Jhe,https://www.artsy.net/artist/youngsheen-a-jhe
61cd0a857e094d549bae93a05e9c21a1,Ejvind A. Johansson,https://www.artsy.net/artist/ejvind-a-johansson
2b478cd13f67492fabb2855a6e1b1f03,Darien A-Johnson,https://www.artsy.net/artist/darien-a-johnson
cba182e7ecc24d1684039abe37ad5706,W & A K Johnston of Edinburgh & London,https://www.artsy.net/artist/w-and-a-k-johnston-of-edinburgh-and-london
029399d650f54aa1a0353d83fc7030a3,A Kassen,https://www.artsy.net/artist/a-kassen
4f8ee45051f14e9da126d564fef6f75f,Rurh A. Keitz,https://www.artsy.net/artist/rurh-a-keitz
0909c5106c4b4ad09137e739e8d79e1b,Justin A. Kenney,https://www.artsy.net/artist/justin-a-kenney
bca85d7370024a449b01e666d5dd36e9,A Kid From Yesterday,https://www.artsy.net/artist/a-kid-from-yesterday
cb99e3640db64956b81ba5c96a66e5cd,Joelle A. Kurdy,https://www.artsy.net/artist/joelle-a-kurdy
a3a63f15a3964c88a6e4d214b7552437,A. Lange & Söhne,https://www.artsy.net/artist/a-lange-and-sohne
52513492ad2d47adb843733343dcd4d8,Piers A Lawson,https://www.artsy.net/artist/piers-a-lawson
a96c49af8a4b47068596243d9363b247,A-Lei,https://www.artsy.net/artist/a-lei
0067e8aa484541fb8f07027d2040f50b,It's A Living,https://www.artsy.net/artist/its-a-living
d3a7cdf89bb443759ba2595ad94272e8,Juan A. Lobato,https://www.artsy.net/artist/juan-a-lobato
ffec25ffbdd24881b6901fab51e97d68,Dwight A. Lucas II,https://www.artsy.net/artist/dwight-a-lucas-ii
ad9fa93cc792486fad7be07e0a925852,"""A""M.",https://www.artsy.net/artist/a-m
326b45063d1b415c865a31ef96d67974,A Maior,https://www.artsy.net/artist/a-maior
82050128cc0f4b929a5573bcce8da192,V. A. MALI,https://www.artsy.net/artist/v-a-mali
730db86c9bdd4630a6d4119729af4ecd,Malia A.,https://www.artsy.net/artist/malia-a
0d364a8551e54600804f2e0d1844ffc3,W. A. Mansell,https://www.artsy.net/artist/w-a-mansell
d8c63e62d2b64342986e51e88367d4ef,A Mappin & Webb,https://www.artsy.net/artist/a-mappin-and-webb
b777cabe626044f082761d96bf3be8ff,Freyr. A Marie,https://www.artsy.net/artist/freyr-a-marie
a73c604668464e6fa1e05f608acf1b6a,Mario A,https://www.artsy.net/artist/mario-a
34a890ad99574fe687fb5e37643b41d5,Maria A Marquez,https://www.artsy.net/artist/maria-a-marquez
9d8bb9733ab1455090a00580abeca870,Robert A. McAllister,https://www.artsy.net/artist/robert-a-mcallister
29ff2dc33cf04440b067371691bb1097,Pablo A. Medina,https://www.artsy.net/artist/pablo-a-medina
b2da0267665e4365b654ff2242582f59,Emmanuel A. Mensah,https://www.artsy.net/artist/emmanuel-a-mensah
9e0d519399e449fbb9ab9e80c385086d,Emmanuel A. Mensah,https://www.artsy.net/artist/emmanuel-a-mensah-1
5320af0684934396bdd1b43e5431c26a,Ommagio A Michelangelo,https://www.artsy.net/artist/ommagio-a-michelangelo
3578f8df61a64169b2b5780957b17091,Maurice A. Miles,https://www.artsy.net/artist/maurice-a-miles
73ff23ebcfcc416587dfaf4a332da554,A Millefleurs Tapestry with the coat of arms and initials of Christine de Lechy,https://www.artsy.net/artist/a-millefleurs-tapestry-with-the-coat-of-arms-and-initials-of-christine-de-lechy
1d79ca5e73af4afcbf0e4805c4d4c801,Rodica A Miller,https://www.artsy.net/artist/rodica-a-miller
a1f5fd72448a4e1da4d8639568bbf1cf,Melissa A. Mitchell,https://www.artsy.net/artist/melissa-a-mitchell
61e2cbff4b82465a966f50ea9f6bc27b,George A. Morton,https://www.artsy.net/artist/george-a-morton
97fb765fa30e405f85def97bf4343368,A Nazilie,https://www.artsy.net/artist/a-nazilie
4cadb220cf504e0ebafde9a0ae84dd30,A Night in Boston,https://www.artsy.net/artist/a-night-in-boston
9513a3c3d10e46a989d0a4deec07d2ae,a-one,https://www.artsy.net/artist/a-one
9da203069c6346f6bf87d9010d7599cd,A Oscar (Peter Sheldon-Williams),https://www.artsy.net/artist/a-oscar-peter-sheldon-williams
41a35fac84084b29bab9f2be6b510417,David A Parfitt RI,https://www.artsy.net/artist/david-a-parfitt-ri
b3588a13e2724a818af662388bfdbd49,John A. Patterson,https://www.artsy.net/artist/john-a-patterson
9718f10fd17c4618a6a0b1a05e0addd7,Mark A Pearce,https://www.artsy.net/artist/mark-a-pearce
ce540656d7e145db85b0e20357ef0a08,Coll A Pele,https://www.artsy.net/artist/coll-a-pele
488dbc57337144c18b34bae748dc4ee9,A. Pilgrim Peterman,https://www.artsy.net/artist/a-pilgrim-peterman
2e3a965081d7408b9876fd78b53069b8,a planetary order,https://www.artsy.net/artist/a-planetary-order
154128c0618b4d1784976fb3a33019ed,James A. Porter,https://www.artsy.net/artist/james-a-porter
925941cfc12440ae9da88e61750fe438,Walter A. Prochownik,https://www.artsy.net/artist/walter-a-prochownik
979cf0418de24f6ca2a82c1e3a4b6cb7,A. Przhetslavsky and A. Mashistov,https://www.artsy.net/artist/a-przhetslavsky-and-a-mashistov
9f34162b91024a78ac6c3aadd3903c49,M. A. R. CHUGHTAI,https://www.artsy.net/artist/m-a-r-chughtai
3052bf3fd8bc4ec1ab932514019269ad,A Ramachandran,https://www.artsy.net/artist/a-ramachandran
51b18916e0714270a425b625435904f5,Victoria A. Reynolds,https://www.artsy.net/artist/victoria-a-reynolds
20a297ead7574e5cb8215e0bb15d74c5,Half a Roast Chicken,https://www.artsy.net/artist/half-a-roast-chicken
dd1c30034f69492ea6d39baa479024b3,Mario A. Robinson,https://www.artsy.net/artist/mario-a-robinson
c26f187ff6a944baa1fdbc94d7a3a180,Michael A. Robinson,https://www.artsy.net/artist/michael-a-robinson
444ea75b468940e28e33fc581246348a,A S Rind,https://www.artsy.net/artist/a-s-rind
569f58e404424047a018ec1fb03dbf8c,Stephen A. Scheer,https://www.artsy.net/artist/stephen-a-scheer
345bc1371b314a50b63d745dfeb5495a,Verena A. Schütz,https://www.artsy.net/artist/verena-a-schutz
069984360d4743e4a4965ee16176e0fe,E. A. Seguy,https://www.artsy.net/artist/e-a-seguy
540672dcc5eb403e9952c435d9e91f07,CLAUDE A. SIMARD,https://www.artsy.net/artist/claude-a-simard
c4469d3755dd44e28c202b0b7fef9d05,Simone A.,https://www.artsy.net/artist/simone-a
0b570d0dc40b40e6a0f29833fb64f76c,A/D Editions,https://www.artsy.net/artist/a-slash-d-editions
1186b411000d41218fc1ffd2521627b8,William A. Sloan,https://www.artsy.net/artist/william-a-sloan
ee7d9de7ee954920a6e82a1690ad6864,"Wilson A. ""Snowflake"" Bentley",https://www.artsy.net/artist/wilson-a-snowflake-bentley
9b549d63d4854e159fa1ec3d019e201f,A Squid called Sebastian,https://www.artsy.net/artist/a-squid-called-sebastian
0a1bde2075554f4186d6e335cfed4ecb,Super A,https://www.artsy.net/artist/super-a
c0281d0ebb34474b96ce5160700f0db1,LUIS A. TABOADA,https://www.artsy.net/artist/luis-a-taboada
2e3230ded2154b8c9cc7d3ccb68b1d69,A Thompson (ATA),https://www.artsy.net/artist/a-thompson-ata
a96f2b1da02a4b9caed312b856bff9c8,A. Tonello and A. Montagna Grillo,https://www.artsy.net/artist/a-tonello-and-a-montagna-grillo
3244217b642c4e2784c57f9a2b572642,A-Trak X Armand Van Helden X Celebriducks Duck Sauce,https://www.artsy.net/artist/a-trak-x-armand-van-helden-x-celebriducks-duck-sauce
eed0793a8d8a4648ac3618d088afd244,Penelope A. Treat,https://www.artsy.net/artist/penelope-a-treat
97e637d2f65c4f7d868c162c2213a5f9,Type A,https://www.artsy.net/artist/type-a
5abe9b64092f4309bacdc815d2b64803,John A. Varriano,https://www.artsy.net/artist/john-a-varriano
55bb62834ca247c890ecb6b53dfa2587,S. A Vimalanathan,https://www.artsy.net/artist/s-a-vimalanathan
5dd215d8cad34ccea71703184eb03d51,Viput A,https://www.artsy.net/artist/viput-a
d6f0c6a3dc314bc29c8f2af839d5b14c,Martha A. Wade,https://www.artsy.net/artist/martha-a-wade
b8b5cfc10ce4482db166f19107e4944d,A. A. Watson,https://www.artsy.net/artist/a-a-watson
64123a9009e64b38b332d08bf7443b49,Wedad A.,https://www.artsy.net/artist/wedad-a
eb7cc4bc8c564aa28642811671e18068,Stefan à Wengen,https://www.artsy.net/artist/stefan-a-wengen
9f30834e82be400cabdc956d50f05bc3,Ronald A. Westerhuis,https://www.artsy.net/artist/ronald-a-westerhuis
7e0167c6e0934fa8b587466e757e2297,Wendel A. White,https://www.artsy.net/artist/wendel-a-white
e076bfa2a4864bae9de92d91e00628b9,Raymond A. Whyte,https://www.artsy.net/artist/raymond-a-whyte
43ae88e7fdb14c4eadadd15410a7a63f,A. Wiegand,https://www.artsy.net/artist/a-wiegand
695f070832e848efb182b87ac5ce7148,Melanie A. Yazzie,https://www.artsy.net/artist/melanie-a-yazzie
e04acd3e1e084313b63e4522a920c590,A Z I Z A,https://www.artsy.net/artist/a-z-i-z-a
d22098a955a849f990079406eca49f96,A-Z West,https://www.artsy.net/artist/a-z-west
9830a1c016864340b27061241cbd25ba,Anja A. Zeilinger,https://www.artsy.net/artist/anja-a-zeilinger
5c4f0f7197134d628ac63a12f66e0c4e,Alex A13,https://www.artsy.net/artist/alex-a13
60ecb9a1e9f946ed81b2d738134f0679,A1One,https://www.artsy.net/artist/a1one
3d5208bfa62f41dba15b89bfc002d4d1,Greentree A2,https://www.artsy.net/artist/greentree-a2
03acc38cdcba48b0b2c9498dc28d0b07,A23-NECTAR,https://www.artsy.net/artist/a23-nectar
e950e23476644eeea3fbcb90160acd29,A4PS,https://www.artsy.net/artist/a4ps
428c281cacc44c3b80f6882f9c56c69b,AA Bronson & Keith Boadwee,https://www.artsy.net/artist/aa-bronson-and-keith-boadwee
553a7fd5a70645f1822bed395e1e72e7,AA Bronson & Ryan Brewer,https://www.artsy.net/artist/aa-bronson-and-ryan-brewer
0f52f6cc4a26461c8b58e8102a3f87c6,AA.VV.,https://www.artsy.net/artist/aa-dot-vv
777142bbde2344a1a6cab64c55ea95a3,Aaaaaaaa,https://www.artsy.net/artist/aaaaaaaa
29e5306988e141d9b91978538f69ce40,aaajiao 徐文愷,https://www.artsy.net/artist/aaajiao-xu-wen-kai
2c38a1821e67440e933816b8605b7154,Ellinor Aurora Aaasgaard,https://www.artsy.net/artist/ellinor-aurora-aaasgaard
cdd937a5af5749f882521d5d9a5c588f,aaayed_rida,https://www.artsy.net/artist/aaayed-rida
74da68191816405e8a12a9039fcb0a1d,Jesper Aabille,https://www.artsy.net/artist/jesper-aabille
753367cfa1de4f46bfa0e6d0459bf8f1,Herb Aach,https://www.artsy.net/artist/herb-aach-1
c5db8da9feaa4529a10a16123de43144,Charles Aadams,https://www.artsy.net/artist/charles-aadams
778dd9d7ae864afab651c6aaa2a3ee38,Aadesokan,https://www.artsy.net/artist/aadesokan
b07bf7848a0140f78373f44cab7059e1,Aàdésokan,https://www.artsy.net/artist/aadesokan-1
a39eb658dd40495e95ae542fb5723b1b,Aàdesokan,https://www.artsy.net/artist/aadesokan-2
71ab9bdba5c6411fa1229a46481ad988,Gary Aagaard,https://www.artsy.net/artist/gary-aagaard
f5935fb2153b404dad3162eb556e6e5a,Martin Aagaard Haansen,https://www.artsy.net/artist/martin-aagaard-haansen
bafe47a81c634e08af1311839bb257a1,Martin Aagaard Hansen,https://www.artsy.net/artist/martin-aagaard-hansen
872bb7bbd1564cfb978b807d55caee99,Anna Aagaard Jensen,https://www.artsy.net/artist/anna-aagaard-jensen
c026899f780144d49769585b150a097e,Douglas Aagard,https://www.artsy.net/artist/douglas-aagard
c373bcd197964564a78848ccb90217c7,Aage and Kasper Wurtz,https://www.artsy.net/artist/aage-and-kasper-wurtz
dd1d37b232d54c239d896f6ad70837bd,Svend Aage Larsen,https://www.artsy.net/artist/svend-aage-larsen
6ee313d753664794844d8a4cf69f62fd,Svend Aage Madsen,https://www.artsy.net/artist/svend-aage-madsen
fef9dd1e52004d379595ec0c1081ade8,Ole Aakjær,https://www.artsy.net/artist/ole-aakjaer
fca5856c6890438684cac23ece69fd5c,Solveig Aalberg,https://www.artsy.net/artist/solveig-aalberg
adf44c2ac8e2445e856fff3b905e1af9,Steven Aalders,https://www.artsy.net/artist/steven-aalders
9af11249cc044dcb8c5730456f2a94f8,Donya Aalipour,https://www.artsy.net/artist/donya-aalipour
8449c2cac67d4130ae364a692df4a5b7,Patrick Aalk,https://www.artsy.net/artist/patrick-aalk
fa303c923e09479785e9138fad71dd0d,Endre Aalrust,https://www.artsy.net/artist/endre-aalrust
786d92f8b49e44708d983a9682d6a941,Aino Aalto,https://www.artsy.net/artist/aino-aalto
6c1426a5ad104e73a2d1cebe04f0881f,Alvar Aalto,https://www.artsy.net/artist/alvar-aalto
f0a1a493c8af4deead9184ad8a25583f,Eevahenna Aalto,https://www.artsy.net/artist/eevahenna-aalto
fe0d9167684c4b7797702fc091ec18fe,Aalto+Aalto,https://www.artsy.net/artist/aalto-plus-aalto
491e1db47a6f43f5850fc728f28b289c,Rina Aalto,https://www.artsy.net/artist/rina-aalto
2220769793194b56be09bb37c61a9861,Erna Aaltonen,https://www.artsy.net/artist/erna-aaltonen
76023d16d48344db824eacbf80ca82b0,Susanne Aaltonen,https://www.artsy.net/artist/susanne-aaltonen
ca49da1c812f452a91625a02484fb740,Aam Artbrow,https://www.artsy.net/artist/aam-artbrow
f0d99e940d04439e939783887c0585e2,Assunta A.A.M.,https://www.artsy.net/artist/assunta-aam
ee0074ad7bc5411988b542bcb6357122,Ragnhild Aamås,https://www.artsy.net/artist/ragnhild-aamas
69d99dfda06446cfa6b096e40548b398,Erum Aamir,https://www.artsy.net/artist/erum-aamir
4e975ca1daed41378f5a63f334196e7d,Margrethe Aanestad,https://www.artsy.net/artist/margrethe-aanestad
7c45787a68bb49f4aacff2913ceae037,Liv Aanrud,https://www.artsy.net/artist/liv-aanrud
27b5eb6dead14d3987099016230bd46a,Ethel Aanyu,https://www.artsy.net/artist/ethel-aanyu
341b9e0f5f644d8b80c8dff2548d70ac,Sinzo Aanza,https://www.artsy.net/artist/sinzo-aanza
4518d2d7338f432a84a97c8f838a15b6,Richard Aardsma,https://www.artsy.net/artist/richard-aardsma
13042947cebd4663b4d0f8619b508d85,Nathan Aardvark,https://www.artsy.net/artist/nathan-aardvark
aac4966fcdb84c47bc69546f9eba1d40,Eero Aarnio,https://www.artsy.net/artist/eero-aarnio
d5bae989ca9740bbba2e6d2be096c2f9,Patrik Aarnivaara,https://www.artsy.net/artist/patrik-aarnivaara
53dbb133fdcc45b99a78b601e8b6df42,Aaron,https://www.artsy.net/artist/aaron
11943f2827d14d5db3e3361d11f36f4f,Alex Aaron,https://www.artsy.net/artist/alex-aaron
0bac745a60a9444aaa68b13c84a03f6a,C.A. Aaron,https://www.artsy.net/artist/ca-aaron
4a3ed9c0dead4a159e477d55d523de19,CA Aaron,https://www.artsy.net/artist/ca-aaron-1
501537c1916241469ab82542b79ab70c,Christine Aaron,https://www.artsy.net/artist/christine-aaron
0edbbbd102c54a6881e5512704da4e34,Aaron Curry and Thomas Housaego,https://www.artsy.net/artist/aaron-curry-and-thomas-housaego
9b92064a50924344985879f7db7367b6,Aaron Flint Jamison,https://www.artsy.net/artist/aaron-flint-jamison
6bef7912841b418e9c63eef60a32658d,John Aaron Frank,https://www.artsy.net/artist/john-aaron-frank
791725b04d6b44be8378c19c18fdadf3,Aaron Graham,https://www.artsy.net/artist/aaron-graham
03598d1da916413685a80ab71a2faca4,Aaron Graham & Bryan Morello,https://www.artsy.net/artist/aaron-graham-and-bryan-morello
f04993039f424660bd16f3baa50a1c50,Aaron H. Levine,https://www.artsy.net/artist/aaron-h-levine
b6cd4ae966ea4a5d81304ac15b5b85f7,Aaron Igler and Paul Swenbeck,https://www.artsy.net/artist/aaron-igler-and-paul-swenbeck
71937c50e02946cbadd6dcd772b71d78,John Aaron,https://www.artsy.net/artist/john-aaron
a62e74e632d44fb2bd3f7c85eaf265db,Joseph Aaron,https://www.artsy.net/artist/joseph-aaron
59b4a1d3e28d454ca659df5d33f3f12c,Aaron Koblin & Ben Tricklebank,https://www.artsy.net/artist/aaron-koblin-and-ben-tricklebank
8b873b8d1962433d88a07374a8bdc719,Aaron Lehman & Thomas Laprade,https://www.artsy.net/artist/aaron-lehman-and-thomas-laprade
72f6ebe8ecf34694a0bfd0b4066c1001,Aaron Lehman & Thomas Laprade with Lucy Lie,https://www.artsy.net/artist/aaron-lehman-and-thomas-laprade-with-lucy-lie
130bb55208aa4ce29fe3d39018af08b5,Matt Aaron,https://www.artsy.net/artist/matt-aaron
c8a493d9a3724f7fb5d93d6f7aa892b4,Reuben Aaron Miller,https://www.artsy.net/artist/reuben-aaron-miller
2eba8cc95730481aa63ae9df33a24b37,Patricia Aaron,https://www.artsy.net/artist/patricia-aaron
5eafbc61a64f4e2ab8436dbd08443d99,Richard E. Aaron,https://www.artsy.net/artist/richard-e-aaron
77884af0dda14e509b7ba24d8cd02126,Robert Aaron,https://www.artsy.net/artist/robert-aaron
3ed96d093a5d4b7a91df0acee95ec699,MICHAEL AARON WILLIAMS,https://www.artsy.net/artist/michael-aaron-williams
31c4efc82d3b40a599f9a85527af58f9,Yannick Aaron,https://www.artsy.net/artist/yannick-aaron
7772158425444fdd80424513ab31e857,George Aarons,https://www.artsy.net/artist/george-aarons
936de15598ff4a8ea7c679d35535f0a0,George Manuel Aarons,https://www.artsy.net/artist/george-manuel-aarons
13200152c6a64fa59ef83abae7512eee,Jules Aarons,https://www.artsy.net/artist/jules-aarons
5bb9fca538eb47e3b9f616f00fdab59d,Larry Aarons,https://www.artsy.net/artist/larry-aarons
7150a9c34d6542efa6fdb82ee18695f8,Slim Aarons,https://www.artsy.net/artist/slim-aarons
aa9332b5cdf14550963d034678cc37ea,Adam Aaronson,https://www.artsy.net/artist/adam-aaronson
aefe4aac20e94f26a3f2e797025c3863,Jeffrey Aaronson,https://www.artsy.net/artist/jeffrey-aaronson
057fda19eecf43cfa0c05e79c2979ac8,Hans Aarsman,https://www.artsy.net/artist/hans-aarsman
742e5744a649480c94f2f27ccbec64db,Ko Aarts,https://www.artsy.net/artist/ko-aarts
c348d1f553bc4bceaf558eec473352ce,Anders Aarvik,https://www.artsy.net/artist/anders-aarvik
82d6f11af84d4360b90455b22b9f4b6d,Øystein Aasan,https://www.artsy.net/artist/oystein-aasan
b1e2c203c86b41aca721bc36a3a232bb,Blake Aaseby,https://www.artsy.net/artist/blake-aaseby
b8488002b10345ef93b67b11a36722be,Kari Aasen,https://www.artsy.net/artist/kari-aasen
f29feda233cb4b50a28bebe0f5220d2c,Knut Ivar Aaser,https://www.artsy.net/artist/knut-ivar-aaser-1
3b5b4f82e1b64402a7baf35997bbe08d,Shamilla Aasha,https://www.artsy.net/artist/shamilla-aasha
748af6711543423ba1e9f157e94442a1,Katrin Aason,https://www.artsy.net/artist/katrin-aason
e9a2ba596df1408da333b11b24420ae6,Aatifi,https://www.artsy.net/artist/aatifi
17dea454ae004e07a197d7e7de655ada,Franyo Aatoth,https://www.artsy.net/artist/franyo-aatoth
47954b0aa4a34f7f918500c1160688ae,Ab,https://www.artsy.net/artist/ab-1
5a96038d8f5440768f8bd57bb597870a,Oy Finnrya Ab,https://www.artsy.net/artist/oy-finnrya-ab
2f17ebd1590445c19f787187b6153024,Ab[Screenwear],https://www.artsy.net/artist/ab-screenwear
8b48d04156e24347abb51d753ab91fa8,Ani Aba,https://www.artsy.net/artist/ani-aba
23600dcb6e4749f392754bc91d23522b,Abigail Aba Otoo,https://www.artsy.net/artist/abigail-aba-otoo
9878a0daf5c44a0899d3e52d283f32cb,Soufiane Ababri,https://www.artsy.net/artist/soufiane-ababri
c4c6219694f44aa0ab17330040369007,Nuri Abac,https://www.artsy.net/artist/nuri-abac
080dfeef36274fcebb81971ef29c9a69,Antoni Abad,https://www.artsy.net/artist/antoni-abad
f4b739986c054e57a520526f082931f2,Cesc Abad,https://www.artsy.net/artist/cesc-abad
0975f69002c54c158ce458b23c93fc3b,Emma Abad,https://www.artsy.net/artist/emma-abad
c98938289c5c4da1b76c9281db14f234,Francesc Abad,https://www.artsy.net/artist/francesc-abad
fa4a2ac9de54497e9310908cf2554a6a,Jose María Abad,https://www.artsy.net/artist/jose-maria-abad
980c4c383da148aea16c98ac0c0e9399,Jose Abad Lorente,https://www.artsy.net/artist/jose-abad-lorente
fdfcd28d1564413aad27344564c09f7f,Pacita Abad,https://www.artsy.net/artist/pacita-abad
869fc2e082af4fdeb9b050aa54f88db1,Pio Abad,https://www.artsy.net/artist/pio-abad
66739968a9664801b9529459d766d857,Karen Abada,https://www.artsy.net/artist/karen-abada
65e7ba1c87714675a47a7dc8f71e95b1,Lala Abaddon,https://www.artsy.net/artist/lala-abaddon
dc62aee5db9b4d77adbe567622dc0295,Haris Abadi,https://www.artsy.net/artist/haris-abadi
e5ef66e7ca58408f83c9391d1d765584,Max Abadian,https://www.artsy.net/artist/max-abadian
2fca15b3be794c34ae7f97d68d6b1ab6,Sylvie Abadie-Bastide,https://www.artsy.net/artist/sylvie-abadie-bastide
5adcb169a9a2449898311f38782f1354,Vincent Abadie Hafez,https://www.artsy.net/artist/vincent-abadie-hafez
52462209fbb44fe2926a03c26d12cef7,Pierre Abadie-Landel,https://www.artsy.net/artist/pierre-abadie-landel
9d6e709b47a3421097c3f390119e8b95,Vasil Abadjiev,https://www.artsy.net/artist/vasil-abadjiev
d8a77b430cb6471899167041034d1a24,Syd Abady,https://www.artsy.net/artist/syd-abady
372140e29e5346799277374d1fa4b381,Stanko Abadzic,https://www.artsy.net/artist/stanko-abadzic
f1767d1c916942649a7548752f35e608,Rich Abagon,https://www.artsy.net/artist/rich-abagon
6986888aec3245c9815bf6362dbb0f70,Luciana Abait,https://www.artsy.net/artist/luciana-abait
ac19d40cd2384ab5b21f60b6757d9eb7,Alexander Abajian,https://www.artsy.net/artist/alexander-abajian
43361189e26b48f5a764e05e20ea6e51,Magdalena Abakanowicz,https://www.artsy.net/artist/magdalena-abakanowicz
51b7f745f30f4be7919ce79717191be6,Tamar Abakelia,https://www.artsy.net/artist/tamar-abakelia
ebf7f371e0794644bda280fe8eaf4782,Martine Aballéa,https://www.artsy.net/artist/martine-aballea
1d13a092f1a14d0981c01938236d59fc,Ignasi Aballí,https://www.artsy.net/artist/ignasi-aballi
b77219bff7d340de8bb38ae79d48b38f,Moe Abandeh,https://www.artsy.net/artist/moe-abandeh
be8192e59c5d480ba65a671d24132180,Abang,https://www.artsy.net/artist/abang
4c822674dff640bfb9622a8c0bafdbed,Ambie Abaño,https://www.artsy.net/artist/ambie-abano
89a1c7938d7d4fc9a1b62a7b2c9dbac1,Ayşegül Abaoğlu,https://www.artsy.net/artist/aysegul-abaoglu
08dbc3d8595f48c5b9e259126b946fbb,Joshua Abarbanel,https://www.artsy.net/artist/joshua-abarbanel
b3379c3a36c8470dbb274c0ba73eff21,Adrian Abarca,https://www.artsy.net/artist/adrian-abarca
b2da2cd843334dd1918a96b4a76069be,Marco Abarca,https://www.artsy.net/artist/marco-abarca
91b5d2646ace406cb192606e7f665d18,Panteha Abareshi,https://www.artsy.net/artist/panteha-abareshi
412c951c804647f5bc2b025d8d9ec60c,Eduardo Abaroa,https://www.artsy.net/artist/eduardo-abaroa
f07841c094f846938961fed60a2f505c,ALFONSINA ABARZÚA,https://www.artsy.net/artist/alfonsina-abarzua
03abac2ace584c819a0946f9f7fc79c7,Soulaf Abas,https://www.artsy.net/artist/soulaf-abas
47c44cf139bd49c19773655bf261f2e5,Carlos Abascal,https://www.artsy.net/artist/carlos-abascal
de57c7e140ea4cc39df2770efb24c5c1,Gustavo Abascal,https://www.artsy.net/artist/gustavo-abascal
db445ab4111d4db6aecc4e1a31de8830,Pedro Abascal,https://www.artsy.net/artist/pedro-abascal
1644271dc38a4fa9844d780a5eeef152,Maya Abashidze,https://www.artsy.net/artist/maya-abashidze
31ed2ed2c95b492a960720af3495bc6f,Denis Abashin,https://www.artsy.net/artist/denis-abashin
e13356f749884bfcae47157a465623d9,Kelani Abass,https://www.artsy.net/artist/kelani-abass
ce22e252d1ef4db5a5d7f47d9092da35,Abastenia St. Leger Eberle,https://www.artsy.net/artist/abastenia-st-leger-eberle
9ace4cc688294b23be72ddd923c95c44,Olamilekan Abatan,https://www.artsy.net/artist/olamilekan-abatan
a2e98b5722014e9f9db68517c50f4bd2,Alberto Abate,https://www.artsy.net/artist/alberto-abate
